{
    "loss": 23.832332611083984,
    "accuracy": 0.9067796468734741
}